game_id,map,game_type,player_id,weapon,kills,dmg,avg_dmg,deaths,total_time
4120547,cp_process_f12,capture_point,[U:1:1131620428],kunai,2,940,313.3333333333333,1,79
4120547,cp_process_f12,capture_point,[U:1:1131620428],ambassador,0,0,0.0,1,79
4120545,cp_sunshine,capture_point,[U:1:88487032],spy_cicle,0,40,40.0,1,66
4120544,cp_snakewater_final1,capture_point,[U:1:176701023],knife,1,450,450.0,0,93
4120544,cp_snakewater_final1,capture_point,[U:1:176701023],letranger,0,61,30.5,0,93
4120534,cp_sunshine,capture_point,[U:1:1215494314],knife,0,40,40.0,1,20
4120529,cp_snakewater_final1,capture_point,[U:1:88487032],spy_cicle,0,40,40.0,1,50
4120529,cp_snakewater_final1,capture_point,[U:1:88487032],revolver,0,0,0.0,1,50
4120525,cp_process_f12,capture_point,[U:1:1145622737],letranger,0,0,0.0,1,46
4120520,cp_snakewater_final1,capture_point,[U:1:420680524],letranger,1,42,42.0,0,32
4120517,cp_sunshine,capture_point,[U:1:176580612],knife,0,40,40.0,1,33
4120517,cp_sunshine,capture_point,[U:1:176580612],letranger,1,37,37.0,1,33
4120516,cp_snakewater_final1,capture_point,[U:1:1119947828],revolver,0,0,0.0,1,56
4120514,cp_process_f12,capture_point,[U:1:127094153],knife,1,450,450.0,1,85
4120514,cp_process_f12,capture_point,[U:1:127094153],revolver,0,114,38.0,1,85
4120497,cp_snakewater_final1,capture_point,[U:1:229452739],letranger,0,39,39.0,1,47
4120497,cp_snakewater_final1,capture_point,[U:1:205241733],black_rose,1,450,450.0,2,84
4120497,cp_snakewater_final1,capture_point,[U:1:205241733],ambassador,0,90,45.0,2,84
4120488,cp_sunshine,capture_point,[U:1:340919188],sharp_dresser,1,490,245.0,2,115
4120488,cp_sunshine,capture_point,[U:1:340919188],world,1,0,0.0,2,115
4120488,cp_sunshine,capture_point,[U:1:340919188],letranger,0,0,0.0,2,115
4120488,cp_sunshine,capture_point,[U:1:151151597],big_earner,1,450,450.0,1,29
4120488,cp_sunshine,capture_point,[U:1:88487032],revolver,1,250,50.0,1,57
4120470,cp_sunshine,capture_point,[U:1:185947839],knife,1,450,450.0,1,48
4120470,cp_sunshine,capture_point,[U:1:185947839],revolver,0,60,60.0,1,48
4120466,cp_sultry_b8a,capture_point,[U:1:87694490],letranger,1,109,36.333333333333336,2,105
4120464,cp_granary_pro_rc17a3,capture_point,[U:1:141252761],sharp_dresser,0,80,40.0,1,32
4120464,cp_granary_pro_rc17a3,capture_point,[U:1:186684384],letranger,0,94,47.0,1,49
4120462,cp_sunshine,capture_point,[U:1:359685659],tf_projectile_rocket,0,85,85.0,1,27
4120426,cp_passage_b1,capture_point,[U:1:28288089],knife,1,450,450.0,1,30
4120424,cp_process_f12,capture_point,[U:1:915202902],knife,1,450,450.0,1,105
4120424,cp_process_f12,capture_point,[U:1:915202902],revolver,1,150,50.0,1,105
4120421,cp_sunshine,capture_point,[U:1:229452739],knife,0,120,40.0,2,119
4120408,cp_sunshine,capture_point,[U:1:229452739],knife,1,80,40.0,1,60
4120401,cp_gullywash_f9,capture_point,[U:1:88351011],big_earner,1,450,450.0,1,174
4120401,cp_gullywash_f9,capture_point,[U:1:88351011],letranger,0,81,40.5,1,174
4120393,cp_process_f12,capture_point,[U:1:86204943],letranger,1,163,40.75,4,330
4120393,cp_process_f12,capture_point,[U:1:86204943],knife,4,1800,450.0,4,330
4120392,cp_steel_f12,capture_point,[U:1:345158705],revolver,11,2798,39.97142857142857,20,1650
4120392,cp_steel_f12,capture_point,[U:1:345158705],spy_cicle,2,1060,176.66666666666666,20,1650
4120392,cp_steel_f12,capture_point,[U:1:345158705],letranger,0,142,28.4,20,1650
4120392,cp_steel_f12,capture_point,[U:1:160531776],spy_cicle,5,2000,222.22222222222223,17,1649
4120392,cp_steel_f12,capture_point,[U:1:160531776],revolver,6,1887,46.02439024390244,17,1649
4120392,cp_steel_f12,capture_point,[U:1:160531776],knife,7,2942,326.8888888888889,17,1649
4120392,cp_steel_f12,capture_point,[U:1:160531776],enforcer,0,184,46.0,17,1649
4120386,cp_process_f12,capture_point,[U:1:295059106],knife,1,450,450.0,0,40
4120386,cp_process_f12,capture_point,[U:1:295059106],ambassador,0,0,0.0,0,40
4120383,cp_gullywash_f9,capture_point,[U:1:88335137],revolver,0,44,44.0,1,63
4120381,cp_process_f12,capture_point,[U:1:435500579],letranger,0,17,17.0,1,99
4120368,cp_sunshine,capture_point,[U:1:88677982],eternal_reward,2,900,450.0,3,205
4120368,cp_sunshine,capture_point,[U:1:88677982],revolver,1,217,54.25,3,205
4120368,cp_sunshine,capture_point,[U:1:86204943],eternal_reward,8,2860,286.0,10,518
4120368,cp_sunshine,capture_point,[U:1:86204943],letranger,1,302,43.142857142857146,10,518
4120349,cp_gullywash_f9,capture_point,[U:1:86204943],knife,3,694,99.14285714285714,3,301
4120349,cp_gullywash_f9,capture_point,[U:1:86204943],letranger,1,44,44.0,3,301
4120349,cp_gullywash_f9,capture_point,[U:1:91615533],letranger,1,128,42.666666666666664,1,99
4120342,cp_process_f12,capture_point,[U:1:882477],knife,1,490,245.0,2,131
4120342,cp_process_f12,capture_point,[U:1:882477],revolver,1,209,34.833333333333336,2,131
4120341,cp_process_f12,capture_point,[U:1:131400746],letranger,0,104,34.666666666666664,1,54
4120330,cp_sunshine,capture_point,[U:1:96307007],knife,2,900,450.0,1,50
4120329,cp_snakewater_final1,capture_point,[U:1:201567226],big_earner,3,1296,432.0,0,144
4120329,cp_snakewater_final1,capture_point,[U:1:201567226],ambassador,3,368,73.6,0,144
4120316,cp_gullywash_f9,capture_point,[U:1:151429329],letranger,0,0,0.0,1,56
4120316,cp_gullywash_f9,capture_point,[U:1:151429329],knife,0,40,40.0,1,56
4120312,cp_sunshine,capture_point,[U:1:11612268],big_earner,1,450,450.0,1,40
4120307,cp_gullywash_f9,capture_point,[U:1:151429329],letranger,0,0,0.0,1,56
4120307,cp_gullywash_f9,capture_point,[U:1:151429329],knife,0,40,40.0,1,56
4120304,cp_process_f12,capture_point,[U:1:25541582],spy_cicle,2,900,450.0,0,54
4120303,cp_process_f12,capture_point,[U:1:489818648],big_earner,4,1800,450.0,2,139
4120303,cp_process_f12,capture_point,[U:1:489818648],revolver,0,60,30.0,2,139
4120292,cp_gullywash_f9,capture_point,[U:1:119319281],spy_cicle,1,450,450.0,1,91
4120292,cp_gullywash_f9,capture_point,[U:1:119319281],letranger,0,36,36.0,1,91
4120292,cp_gullywash_f9,capture_point,[U:1:182988550],sharp_dresser,1,78,78.0,1,89
4120292,cp_gullywash_f9,capture_point,[U:1:182988550],revolver,0,58,58.0,1,89
4120284,cp_sunshine,capture_point,[U:1:65188310],knife,0,40,40.0,2,104
4120284,cp_sunshine,capture_point,[U:1:123296056],knife,1,530,176.66666666666666,1,56
4120284,cp_sunshine,capture_point,[U:1:123296056],revolver,0,158,52.666666666666664,1,56
4120282,cp_snakewater_final1,capture_point,[U:1:157932082],spy_cicle,0,40,40.0,1,59
4120282,cp_snakewater_final1,capture_point,[U:1:157932082],revolver,0,0,0.0,1,59
4120278,cp_sunshine,capture_point,[U:1:1365412974],samrevolver,0,131,43.666666666666664,2,87
4120278,cp_sunshine,capture_point,[U:1:1365412974],eternal_reward,1,490,245.0,2,87
4120275,cp_sunshine,capture_point,[U:1:52544220],revolver,0,57,57.0,1,72
4120272,cp_process_f12,capture_point,[U:1:119319281],letranger,0,81,27.0,1,103
4120272,cp_process_f12,capture_point,[U:1:253165328],knife,1,450,450.0,0,97
4120272,cp_process_f12,capture_point,[U:1:253165328],revolver,0,30,30.0,0,97
4120272,cp_process_f12,capture_point,[U:1:86204943],knife,1,450,450.0,1,59
4120272,cp_process_f12,capture_point,[U:1:86204943],letranger,0,43,43.0,1,59
4120271,cp_gullywash_f9,capture_point,[U:1:289282302],knife,1,450,450.0,2,74
4120271,cp_gullywash_f9,capture_point,[U:1:289282302],eternal_reward,0,40,40.0,2,74
4120266,cp_sunshine,capture_point,[U:1:1365412974],samrevolver,0,131,43.666666666666664,2,87
4120266,cp_sunshine,capture_point,[U:1:1365412974],eternal_reward,1,490,245.0,2,87
4120264,cp_process_f12,capture_point,[U:1:248009661],big_earner,1,450,450.0,1,45
4120264,cp_process_f12,capture_point,[U:1:248009661],letranger,0,34,34.0,1,45
4120264,cp_process_f12,capture_point,[U:1:11612268],big_earner,0,80,40.0,3,102
4120264,cp_process_f12,capture_point,[U:1:11612268],letranger,0,0,0.0,3,102
4120251,cp_sunshine,capture_point,[U:1:119319281],spy_cicle,0,40,40.0,1,81
4120251,cp_sunshine,capture_point,[U:1:119319281],letranger,0,44,44.0,1,81
4120248,cp_snakewater_final1,capture_point,[U:1:308729799],revolver,1,354,44.25,1,96
4120248,cp_snakewater_final1,capture_point,[U:1:308729799],knife,1,450,450.0,1,96
4120248,cp_snakewater_final1,capture_point,[U:1:458841022],knife,3,1390,347.5,2,96
4120248,cp_snakewater_final1,capture_point,[U:1:458841022],ambassador,1,102,102.0,2,96
4120243,cp_sunshine,capture_point,[U:1:897674925],revolver,1,778,31.12,0,100
4120243,cp_sunshine,capture_point,[U:1:338816973],letranger,0,79,39.5,2,191
4120243,cp_sunshine,capture_point,[U:1:338816973],knife,1,472,236.0,2,191
4120240,cp_sunshine,capture_point,[U:1:122266089],knife,0,40,40.0,1,32
4120240,cp_sunshine,capture_point,[U:1:122266089],revolver,0,0,0.0,1,32
4120237,cp_sunshine,capture_point,[U:1:1010471772],revolver,2,233,46.6,3,211
4120237,cp_sunshine,capture_point,[U:1:1010471772],knife,1,570,142.5,3,211
4120237,cp_sunshine,capture_point,[U:1:1010471772],letranger,0,69,34.5,3,211
4120235,cp_snakewater_final1,capture_point,[U:1:308729799],revolver,1,354,44.25,1,96
4120235,cp_snakewater_final1,capture_point,[U:1:308729799],knife,1,450,450.0,1,96
4120235,cp_snakewater_final1,capture_point,[U:1:458841022],knife,3,1390,347.5,2,96
4120235,cp_snakewater_final1,capture_point,[U:1:458841022],ambassador,1,102,102.0,2,96
4120233,cp_sunshine,capture_point,[U:1:312331943],revolver,1,85,42.5,1,78
4120221,cp_sunshine,capture_point,[U:1:1010471772],revolver,2,233,46.6,3,211
4120221,cp_sunshine,capture_point,[U:1:1010471772],knife,1,570,142.5,3,211
4120221,cp_sunshine,capture_point,[U:1:1010471772],letranger,0,69,34.5,3,211
4120217,cp_process_f12,capture_point,[U:1:847572207],ambassador,0,0,0.0,1,25
4120216,cp_process_f12,capture_point,[U:1:1283212653],big_earner,1,490,245.0,1,68
4120216,cp_process_f12,capture_point,[U:1:1283212653],revolver,0,96,48.0,1,68
4120216,cp_process_f12,capture_point,[U:1:1177201096],knife,2,940,313.3333333333333,2,106
4120216,cp_process_f12,capture_point,[U:1:1177201096],letranger,0,123,41.0,2,106
4120215,cp_metalworks_f7,capture_point,[U:1:131300958],knife,0,40,40.0,1,32
4120215,cp_metalworks_f7,capture_point,[U:1:131300958],letranger,0,0,0.0,1,32
4120214,cp_process_f12,capture_point,[U:1:122266089],knife,1,450,225.0,1,24
4120200,cp_sultry_b8a,capture_point,[U:1:80872113],knife,1,450,450.0,1,33
4120187,cp_sunshine,capture_point,[U:1:838964760],knife,1,450,450.0,1,55
4120185,cp_gullywash_f9,capture_point,[U:1:1525945276],spy_cicle,0,40,40.0,1,42
4120185,cp_gullywash_f9,capture_point,[U:1:1525945276],letranger,0,44,22.0,1,42
4120183,cp_gullywash_f9,capture_point,[U:1:1525945276],spy_cicle,0,40,40.0,1,42
4120183,cp_gullywash_f9,capture_point,[U:1:1525945276],letranger,0,44,22.0,1,42
4120181,cp_process_f12,capture_point,[U:1:87649775],knife,1,450,450.0,1,115
4120181,cp_process_f12,capture_point,[U:1:87649775],revolver,0,99,49.5,1,115
4120177,cp_process_f12,capture_point,[U:1:87649775],knife,1,450,450.0,1,115
4120177,cp_process_f12,capture_point,[U:1:87649775],revolver,0,99,49.5,1,115
4120170,cp_sunshine,capture_point,[U:1:1177201096],spy_cicle,1,450,450.0,1,20
4120170,cp_sunshine,capture_point,[U:1:1177201096],letranger,0,44,44.0,1,20
4120162,cp_process_f12,capture_point,[U:1:440646611],knife,0,40,40.0,2,90
4120162,cp_process_f12,capture_point,[U:1:440646611],ambassador,0,49,49.0,2,90
4120161,cp_process_f12,capture_point,[U:1:706173757],knife,3,1350,450.0,2,75
4120159,cp_sunshine,capture_point,[U:1:1177201096],spy_cicle,1,450,450.0,1,20
4120159,cp_sunshine,capture_point,[U:1:1177201096],letranger,0,44,44.0,1,20
4120158,cp_snakewater_final1,capture_point,[U:1:1109192425],letranger,0,0,0.0,1,46
4120158,cp_snakewater_final1,capture_point,[U:1:242521246],spy_cicle,0,80,40.0,1,114
4120158,cp_snakewater_final1,capture_point,[U:1:242521246],revolver,2,404,50.5,1,114
4120156,cp_metalworks_f7,capture_point,[U:1:85930277],letranger,0,38,38.0,1,47
4120150,cp_metalworks_f7,capture_point,[U:1:85930277],letranger,0,38,38.0,1,47
4120147,cp_process_f12,capture_point,[U:1:84691307],big_earner,0,40,40.0,2,149
4120147,cp_process_f12,capture_point,[U:1:84691307],letranger,0,47,47.0,2,149
4120139,cp_process_f12,capture_point,[U:1:84691307],big_earner,0,40,40.0,2,149
4120139,cp_process_f12,capture_point,[U:1:84691307],letranger,0,47,47.0,2,149
4120134,cp_process_f12,capture_point,[U:1:366656742],knife,1,450,450.0,1,17
4120129,cp_gullywash_f9,capture_point,[U:1:200146053],knife,2,650,108.33333333333333,6,457
4120129,cp_gullywash_f9,capture_point,[U:1:200146053],letranger,0,263,43.833333333333336,6,457
4120116,cp_snakewater_final1,capture_point,[U:1:482241914],spy_cicle,1,490,245.0,1,52
4120116,cp_snakewater_final1,capture_point,[U:1:482241914],revolver,1,227,56.75,1,52
4120108,cp_sunshine,capture_point,[U:1:180084244],big_earner,0,80,40.0,1,23
4120107,cp_process_f12,capture_point,[U:1:145082321],revolver,0,0,0.0,1,64
4120107,cp_process_f12,capture_point,[U:1:145082321],knife,0,40,40.0,1,64
4120105,cp_sunshine,capture_point,[U:1:253165328],revolver,0,48,48.0,1,81
4120103,cp_process_f12,capture_point,[U:1:176213140],kunai,1,490,245.0,3,135
4120103,cp_process_f12,capture_point,[U:1:176213140],revolver,0,70,35.0,3,135
4120103,cp_process_f12,capture_point,[U:1:176213140],knife,0,40,40.0,3,135
4120103,cp_process_f12,capture_point,[U:1:176213140],letranger,0,0,0.0,3,135
4120101,cp_granary_pro_rc17a3,capture_point,[U:1:899763679],ambassador,0,51,51.0,2,553
4120101,cp_granary_pro_rc17a3,capture_point,[U:1:899763679],knife,1,360,360.0,2,553
4120101,cp_granary_pro_rc17a3,capture_point,[U:1:280035632],ambassador,0,168,84.0,1,923
4120101,cp_granary_pro_rc17a3,capture_point,[U:1:280035632],knife,1,500,100.0,1,923
4120099,cp_gullywash_f9,capture_point,[U:1:479446967],black_rose,0,40,40.0,1,47
4120099,cp_gullywash_f9,capture_point,[U:1:479446967],revolver,0,56,56.0,1,47
4120098,cp_steel_f12,capture_point,[U:1:300932665],revolver,6,1941,35.94444444444444,10,888
4120098,cp_steel_f12,capture_point,[U:1:300932665],big_earner,3,1140,142.5,10,888
4120098,cp_steel_f12,capture_point,[U:1:212161935],letranger,2,284,25.818181818181817,9,888
4120098,cp_steel_f12,capture_point,[U:1:212161935],spy_cicle,4,1866,266.57142857142856,9,888
4120096,cp_steel_f12,capture_point,[U:1:345158705],revolver,6,1225,37.121212121212125,8,800
4120096,cp_steel_f12,capture_point,[U:1:345158705],spy_cicle,1,490,245.0,8,800
4120096,cp_steel_f12,capture_point,[U:1:345158705],letranger,0,142,28.4,8,800
4120096,cp_steel_f12,capture_point,[U:1:160531776],revolver,2,442,44.2,10,799
4120096,cp_steel_f12,capture_point,[U:1:160531776],spy_cicle,1,530,176.66666666666666,10,799
4120096,cp_steel_f12,capture_point,[U:1:160531776],enforcer,0,184,46.0,10,799
4120096,cp_steel_f12,capture_point,[U:1:160531776],knife,4,1682,280.3333333333333,10,799
4120094,cp_process_f12,capture_point,[U:1:909979503],knife,1,450,450.0,1,91
4120094,cp_process_f12,capture_point,[U:1:909979503],revolver,0,75,37.5,1,91
4120092,cp_gullywash_f9,capture_point,[U:1:119319281],letranger,0,47,47.0,1,36
4120089,cp_steel_f12,capture_point,[U:1:300932665],revolver,2,552,29.05263157894737,8,715
4120089,cp_steel_f12,capture_point,[U:1:300932665],big_earner,3,1258,314.5,8,715
4120089,cp_steel_f12,capture_point,[U:1:212161935],letranger,0,333,33.3,7,762
4120089,cp_steel_f12,capture_point,[U:1:212161935],spy_cicle,2,940,313.3333333333333,7,762
4120087,cp_steel_f12,capture_point,[U:1:345158705],revolver,5,1573,42.513513513513516,12,850
4120087,cp_steel_f12,capture_point,[U:1:345158705],spy_cicle,1,570,142.5,12,850
4120087,cp_steel_f12,capture_point,[U:1:160531776],revolver,4,1445,46.61290322580645,7,850
4120087,cp_steel_f12,capture_point,[U:1:160531776],spy_cicle,4,1470,245.0,7,850
4120087,cp_steel_f12,capture_point,[U:1:160531776],knife,3,1260,420.0,7,850
4120086,cp_sunshine,capture_point,[U:1:1160906215],revolver,1,53,53.0,1,28
4120083,cp_sunshine,capture_point,[U:1:250714800],ambassador,1,197,65.66666666666667,1,62
4120083,cp_sunshine,capture_point,[U:1:250714800],knife,0,40,40.0,1,62
4120081,cp_sunshine,capture_point,[U:1:158799630],spy_cicle,0,40,40.0,1,88
4120081,cp_sunshine,capture_point,[U:1:1556115465],letranger,0,135,33.75,2,100
4120081,cp_sunshine,capture_point,[U:1:1556115465],knife,1,490,245.0,2,100
4120079,cp_steel_f12,capture_point,[U:1:229954190],knife,1,690,98.57142857142857,9,551
4120079,cp_steel_f12,capture_point,[U:1:229954190],letranger,1,111,27.75,9,551
4120079,cp_steel_f12,capture_point,[U:1:229954190],revolver,0,148,49.333333333333336,9,551
4120079,cp_steel_f12,capture_point,[U:1:1009736502],enforcer,2,580,34.11764705882353,7,553
4120079,cp_steel_f12,capture_point,[U:1:1009736502],spy_cicle,1,610,122.0,7,553
4120079,cp_steel_f12,capture_point,[U:1:1009736502],revolver,3,537,53.7,7,553
4120075,cp_steel_f12,capture_point,[U:1:300932665],big_earner,5,2370,296.25,9,1006
4120075,cp_steel_f12,capture_point,[U:1:300932665],revolver,2,709,30.82608695652174,9,1006
4120075,cp_steel_f12,capture_point,[U:1:212161935],letranger,1,388,29.846153846153847,8,1006
4120075,cp_steel_f12,capture_point,[U:1:212161935],spy_cicle,6,2068,229.77777777777777,8,1006
4120075,cp_steel_f12,capture_point,[U:1:212161935],big_earner,1,450,450.0,8,1006
4120071,cp_steel_f12,capture_point,[U:1:229954190],knife,5,2490,249.0,9,765
4120071,cp_steel_f12,capture_point,[U:1:229954190],letranger,0,211,30.142857142857142,9,765
4120071,cp_steel_f12,capture_point,[U:1:229954190],revolver,0,45,45.0,9,765
4120071,cp_steel_f12,capture_point,[U:1:1009736502],revolver,5,996,49.8,8,765
4120071,cp_steel_f12,capture_point,[U:1:1009736502],spy_cicle,1,168,42.0,8,765
4120071,cp_steel_f12,capture_point,[U:1:1009736502],enforcer,4,1001,45.5,8,765
4120070,cp_sunshine,capture_point,[U:1:250714800],ambassador,1,197,65.66666666666667,1,62
4120070,cp_sunshine,capture_point,[U:1:250714800],knife,0,40,40.0,1,62
4120063,cp_gullywash_f9,capture_point,[U:1:175790976],revolver,0,0,0.0,1,30
4120058,cp_gullywash_f9,capture_point,[U:1:175790976],revolver,0,0,0.0,1,30
4120054,cp_sunshine,capture_point,[U:1:182988550],revolver,1,233,46.6,1,74
4120046,cp_process_f12,capture_point,[U:1:119319281],spy_cicle,1,450,450.0,1,68
4120046,cp_process_f12,capture_point,[U:1:119319281],letranger,0,48,24.0,1,68
4120044,cp_granary_pro_rc17a3,capture_point,[U:1:93813475],eternal_reward,1,450,450.0,2,98
4120044,cp_granary_pro_rc17a3,capture_point,[U:1:93813475],letranger,0,35,35.0,2,98
4120043,cp_snakewater_final1,capture_point,[U:1:877196307],knife,1,450,450.0,1,104
4120043,cp_snakewater_final1,capture_point,[U:1:877196307],letranger,0,0,0.0,1,104
4120043,cp_snakewater_final1,capture_point,[U:1:81933016],big_earner,1,450,450.0,1,51
4120038,cp_metalworks_f7,capture_point,[U:1:85930277],knife,2,940,313.3333333333333,2,80
4120035,cp_gullywash_f9,capture_point,[U:1:119319281],letranger,0,46,46.0,1,56
4120034,cp_gullywash_f9,capture_point,[U:1:93813475],eternal_reward,1,40,40.0,1,131
4120031,cp_snakewater_final1,capture_point,[U:1:87649775],revolver,0,43,21.5,1,22
4120024,cp_snakewater_final1,capture_point,[U:1:87649775],revolver,0,43,21.5,1,22
4120023,cp_sunshine,capture_point,[U:1:123446660],big_earner,1,450,450.0,1,59
4120020,cp_snakewater_final1,capture_point,[U:1:245806397],revolver,0,59,59.0,1,56
4120020,cp_snakewater_final1,capture_point,[U:1:51812716],letranger,0,68,22.666666666666668,1,41
4120014,cp_snakewater_final1,capture_point,[U:1:1132537350],big_earner,1,48,48.0,1,60
4120014,cp_snakewater_final1,capture_point,[U:1:1132537350],revolver,0,0,0.0,1,60
4120014,cp_snakewater_final1,capture_point,[U:1:1149722555],knife,1,490,245.0,2,140
4120014,cp_snakewater_final1,capture_point,[U:1:1149722555],revolver,0,46,46.0,2,140
4120011,cp_process_f12,capture_point,[U:1:93813475],eternal_reward,1,490,245.0,1,58
4120011,cp_process_f12,capture_point,[U:1:93813475],letranger,1,47,47.0,1,58
4120006,cp_sunshine,capture_point,[U:1:246637404],knife,1,450,450.0,0,41
4120006,cp_sunshine,capture_point,[U:1:246637404],revolver,1,106,53.0,0,41
4120003,cp_reckoner,capture_point,[U:1:1007656761],big_earner,1,450,450.0,2,87
4119994,cp_process_f12,capture_point,[U:1:200146053],knife,1,396,396.0,1,68
4119993,cp_sultry_b8a,capture_point,[U:1:1007656761],big_earner,1,450,450.0,2,190
4119993,cp_sultry_b8a,capture_point,[U:1:1007656761],letranger,0,39,39.0,2,190
4119992,cp_snakewater_final1,capture_point,[U:1:88834182],revolver,1,164,54.666666666666664,2,105
4119992,cp_snakewater_final1,capture_point,[U:1:974892734],knife,1,450,450.0,2,49
4119987,cp_gullywash_f9,capture_point,[U:1:88834182],knife,0,40,40.0,1,35
4119986,cp_sultry_b8a,capture_point,[U:1:449925246],knife,1,450,450.0,1,34
4119986,cp_sultry_b8a,capture_point,[U:1:449925246],ambassador,0,121,40.333333333333336,1,34
4119980,cp_sunshine,capture_point,[U:1:81933016],big_earner,2,900,450.0,2,66
4119978,cp_process_f12,capture_point,[U:1:1007656761],big_earner,0,80,40.0,4,201
4119974,cp_snakewater_final1,capture_point,[U:1:247531877],spy_cicle,1,450,450.0,1,30
4119970,cp_process_f12,capture_point,[U:1:466559718],big_earner,1,490,245.0,1,38
4119962,cp_snakewater_final1,capture_point,[U:1:366308710],black_rose,1,438,438.0,0,21
4119962,cp_snakewater_final1,capture_point,[U:1:366308710],ambassador,0,0,0.0,0,21
4119959,cp_process_f12,capture_point,[U:1:95048020],big_earner,3,1350,450.0,3,91
4119959,cp_process_f12,capture_point,[U:1:115726095],revolver,0,116,58.0,1,27
4119958,cp_sunshine,capture_point,[U:1:224632743],knife,1,450,450.0,1,112
4119958,cp_sunshine,capture_point,[U:1:224632743],revolver,2,326,46.57142857142857,1,112
4119957,cp_snakewater_final1,capture_point,[U:1:25541582],enforcer,0,0,0.0,1,51
4119956,cp_process_f12,capture_point,[U:1:923746838],spy_cicle,1,530,176.66666666666666,1,81
4119956,cp_process_f12,capture_point,[U:1:923746838],letranger,0,0,0.0,1,81
4119948,cp_snakewater_final1,capture_point,[U:1:132958593],black_rose,1,490,245.0,1,51
4119948,cp_snakewater_final1,capture_point,[U:1:1146895307],kunai,1,450,450.0,1,57
4119946,cp_gullywash_f9,capture_point,[U:1:95367008],spy_cicle,1,450,450.0,1,72
4119945,cp_snakewater_final1,capture_point,[U:1:114256254],eternal_reward,0,40,40.0,1,63
4119945,cp_snakewater_final1,capture_point,[U:1:114256254],revolver,0,40,40.0,1,63
4119943,cp_metalworks_f7,capture_point,[U:1:94823939],knife,2,900,450.0,1,66
4119943,cp_metalworks_f7,capture_point,[U:1:94823939],revolver,0,56,56.0,1,66
4119941,cp_process_f12,capture_point,[U:1:478873072],big_earner,3,1350,450.0,1,50
4119925,cp_process_f12,capture_point,[U:1:387552830],letranger,0,45,45.0,1,50
4119924,cp_process_f12,capture_point,[U:1:135318464],knife,1,490,245.0,1,42
4119924,cp_process_f12,capture_point,[U:1:135318464],revolver,0,56,56.0,1,42
4119922,cp_gullywash_f9,capture_point,[U:1:110370003],knife,0,40,40.0,1,24
4119922,cp_gullywash_f9,capture_point,[U:1:110370003],revolver,0,169,56.333333333333336,1,24
4119908,cp_process_f12,capture_point,[U:1:115726095],revolver,1,142,47.333333333333336,0,32
4119900,cp_nidal_b11,capture_point,[U:1:241607201],revolver,3,549,49.90909090909091,18,1009
4119900,cp_nidal_b11,capture_point,[U:1:241607201],spy_cicle,0,80,40.0,18,1009
4119900,cp_nidal_b11,capture_point,[U:1:241607201],knife,3,1510,215.71428571428572,18,1009
4119900,cp_nidal_b11,capture_point,[U:1:241607201],letranger,0,231,33.0,18,1009
4119900,cp_nidal_b11,capture_point,[U:1:49047009],letranger,1,98,32.666666666666664,11,1009
4119900,cp_nidal_b11,capture_point,[U:1:49047009],black_rose,1,570,142.5,11,1009
4119900,cp_nidal_b11,capture_point,[U:1:49047009],revolver,4,652,40.75,11,1009
4119894,cp_metalworks_f7,capture_point,[U:1:1683446862],letranger,0,0,0.0,1,71
4119890,cp_nidal_b11,capture_point,[U:1:923345073],knife,7,3274,297.6363636363636,12,1038
4119890,cp_nidal_b11,capture_point,[U:1:923345073],revolver,2,664,39.05882352941177,12,1038
4119890,cp_nidal_b11,capture_point,[U:1:1269011568],revolver,0,435,33.46153846153846,11,1038
4119890,cp_nidal_b11,capture_point,[U:1:1269011568],knife,4,2008,223.11111111111111,11,1038
4119890,cp_nidal_b11,capture_point,[U:1:1269011568],letranger,1,77,38.5,11,1038
4119889,cp_nidal_b11,capture_point,[U:1:1103296314],ambassador,0,56,18.666666666666668,37,2479
4119889,cp_nidal_b11,capture_point,[U:1:1103296314],spy_cicle,14,6798,234.41379310344828,37,2479
4119889,cp_nidal_b11,capture_point,[U:1:1103296314],enforcer,1,623,41.53333333333333,37,2479
4119889,cp_nidal_b11,capture_point,[U:1:1103296314],kunai,3,1350,450.0,37,2479
4119889,cp_nidal_b11,capture_point,[U:1:1103296314],letranger,0,287,35.875,37,2479
4119889,cp_nidal_b11,capture_point,[U:1:1103296314],big_earner,2,1100,157.14285714285714,37,2479
4119889,cp_nidal_b11,capture_point,[U:1:1145622737],sharp_dresser,16,7784,251.09677419354838,30,2479
4119889,cp_nidal_b11,capture_point,[U:1:1145622737],letranger,4,916,38.166666666666664,30,2479
4119889,cp_nidal_b11,capture_point,[U:1:1145622737],world,1,0,0.0,30,2479
4119889,cp_nidal_b11,capture_point,[U:1:1145622737],revolver,5,571,40.785714285714285,30,2479
4119889,cp_nidal_b11,capture_point,[U:1:1145622737],ambassador,2,92,46.0,30,2479
4119884,cp_nidal_b11,capture_point,[U:1:802411500],kunai,19,9154,240.89473684210526,32,2012
4119884,cp_nidal_b11,capture_point,[U:1:802411500],ambassador,4,523,43.583333333333336,32,2012
4119884,cp_nidal_b11,capture_point,[U:1:802411500],knife,2,1100,157.14285714285714,32,2012
4119884,cp_nidal_b11,capture_point,[U:1:802411500],letranger,0,38,38.0,32,2012
4119884,cp_nidal_b11,capture_point,[U:1:84719623],letranger,4,716,35.8,26,2012
4119884,cp_nidal_b11,capture_point,[U:1:84719623],spy_cicle,16,7360,368.0,26,2012
4119884,cp_nidal_b11,capture_point,[U:1:84719623],big_earner,8,3720,338.1818181818182,26,2012
4119882,cp_nidal_b11,capture_point,[U:1:1419159881],spy_cicle,20,7800,222.85714285714286,44,3157
4119882,cp_nidal_b11,capture_point,[U:1:1419159881],revolver,6,2000,46.51162790697674,44,3157
4119882,cp_nidal_b11,capture_point,[U:1:1419159881],enforcer,2,399,39.9,44,3157
4119882,cp_nidal_b11,capture_point,[U:1:1419159881],knife,2,940,313.3333333333333,44,3157
4119882,cp_nidal_b11,capture_point,[U:1:234205523],revolver,7,1350,48.214285714285715,44,3157
4119882,cp_nidal_b11,capture_point,[U:1:234205523],spy_cicle,25,11574,269.16279069767444,44,3157
4119882,cp_nidal_b11,capture_point,[U:1:234205523],letranger,3,909,39.52173913043478,44,3157
4119882,cp_nidal_b11,capture_point,[U:1:234205523],knife,3,1394,278.8,44,3157
4119882,cp_nidal_b11,capture_point,[U:1:234205523],enforcer,0,161,53.666666666666664,44,3157
4119882,cp_nidal_b11,capture_point,[U:1:234205523],world,1,0,0.0,44,3157
4119880,cp_nidal_b11,capture_point,[U:1:241607201],knife,2,940,313.3333333333333,17,1006
4119880,cp_nidal_b11,capture_point,[U:1:241607201],letranger,1,266,38.0,17,1006
4119880,cp_nidal_b11,capture_point,[U:1:241607201],spy_cicle,4,2040,204.0,17,1006
4119880,cp_nidal_b11,capture_point,[U:1:241607201],revolver,1,450,50.0,17,1006
4119880,cp_nidal_b11,capture_point,[U:1:49047009],revolver,1,512,39.38461538461539,7,1006
4119880,cp_nidal_b11,capture_point,[U:1:49047009],black_rose,4,1840,368.0,7,1006
4119880,cp_nidal_b11,capture_point,[U:1:49047009],letranger,1,198,39.6,7,1006
4119879,cp_nidal_b11,capture_point,[U:1:178326661],revolver,5,1564,48.875,11,920
4119879,cp_nidal_b11,capture_point,[U:1:178326661],spy_cicle,7,2682,335.25,11,920
4119879,cp_nidal_b11,capture_point,[U:1:1099508390],knife,6,2690,168.125,16,920
4119879,cp_nidal_b11,capture_point,[U:1:1099508390],letranger,0,69,34.5,16,920
4119876,cp_metalworks_f7,capture_point,[U:1:347917602],ambassador,0,0,0.0,2,100
4119876,cp_metalworks_f7,capture_point,[U:1:59056350],letranger,0,46,46.0,1,57
4119876,cp_metalworks_f7,capture_point,[U:1:59056350],knife,1,490,245.0,1,57
4119874,cp_nidal_b11,capture_point,[U:1:802411500],kunai,8,4138,172.41666666666666,14,845
4119874,cp_nidal_b11,capture_point,[U:1:802411500],ambassador,2,256,51.2,14,845
4119874,cp_nidal_b11,capture_point,[U:1:802411500],knife,1,610,122.0,14,845
4119874,cp_nidal_b11,capture_point,[U:1:84719623],letranger,1,466,38.833333333333336,12,845
4119874,cp_nidal_b11,capture_point,[U:1:84719623],big_earner,6,2780,347.5,12,845
4119874,cp_nidal_b11,capture_point,[U:1:84719623],spy_cicle,5,2290,381.6666666666667,12,845
4119868,cp_gullywash_f9,capture_point,[U:1:1146895307],kunai,1,450,450.0,1,24
4119866,cp_sunshine,capture_point,[U:1:1264411261],knife,0,40,40.0,2,84
4119866,cp_sunshine,capture_point,[U:1:1264411261],letranger,0,84,42.0,2,84
4119865,cp_nidal_b11,capture_point,[U:1:1419159881],spy_cicle,13,4956,236.0,22,1535
4119865,cp_nidal_b11,capture_point,[U:1:1419159881],revolver,3,981,46.714285714285715,22,1535
4119865,cp_nidal_b11,capture_point,[U:1:1419159881],knife,1,450,450.0,22,1535
4119865,cp_nidal_b11,capture_point,[U:1:1419159881],enforcer,0,129,32.25,22,1535
4119865,cp_nidal_b11,capture_point,[U:1:234205523],spy_cicle,19,8554,294.9655172413793,22,1535
4119865,cp_nidal_b11,capture_point,[U:1:234205523],revolver,2,554,46.166666666666664,22,1535
4119865,cp_nidal_b11,capture_point,[U:1:234205523],enforcer,0,161,53.666666666666664,22,1535
4119865,cp_nidal_b11,capture_point,[U:1:234205523],world,1,0,0.0,22,1535
4119865,cp_nidal_b11,capture_point,[U:1:234205523],letranger,1,260,43.333333333333336,22,1535
4119864,cp_nidal_b11,capture_point,[U:1:1103296314],spy_cicle,10,4638,289.875,12,855
4119864,cp_nidal_b11,capture_point,[U:1:1103296314],enforcer,0,275,45.833333333333336,12,855
4119864,cp_nidal_b11,capture_point,[U:1:1103296314],letranger,0,24,24.0,12,855
4119864,cp_nidal_b11,capture_point,[U:1:1103296314],big_earner,1,490,245.0,12,855
4119864,cp_nidal_b11,capture_point,[U:1:1145622737],letranger,1,338,42.25,12,855
4119864,cp_nidal_b11,capture_point,[U:1:1145622737],sharp_dresser,8,3824,273.14285714285717,12,855
4119864,cp_nidal_b11,capture_point,[U:1:1145622737],ambassador,2,92,46.0,12,855
4119864,cp_nidal_b11,capture_point,[U:1:1145622737],revolver,2,358,39.77777777777778,12,855
4119863,cp_nidal_b11,capture_point,[U:1:923345073],revolver,2,569,47.416666666666664,15,789
4119863,cp_nidal_b11,capture_point,[U:1:923345073],knife,9,3364,280.3333333333333,15,789
4119863,cp_nidal_b11,capture_point,[U:1:1269011568],letranger,0,191,38.2,12,789
4119863,cp_nidal_b11,capture_point,[U:1:1269011568],knife,3,1390,278.0,12,789
4119863,cp_nidal_b11,capture_point,[U:1:1269011568],revolver,0,39,39.0,12,789
4119861,cp_nidal_b11,capture_point,[U:1:178326661],revolver,1,490,40.833333333333336,3,430
4119861,cp_nidal_b11,capture_point,[U:1:178326661],spy_cicle,7,3190,398.75,3,430
4119861,cp_nidal_b11,capture_point,[U:1:1099508390],knife,1,522,174.0,4,430
4119861,cp_nidal_b11,capture_point,[U:1:1099508390],world,1,0,0.0,4,430
4119861,cp_nidal_b11,capture_point,[U:1:1099508390],letranger,1,227,32.42857142857143,4,430
4119859,cp_nidal_b11,capture_point,[U:1:802411500],kunai,11,5016,358.2857142857143,18,1167
4119859,cp_nidal_b11,capture_point,[U:1:802411500],ambassador,2,267,38.142857142857146,18,1167
4119859,cp_nidal_b11,capture_point,[U:1:802411500],knife,1,490,245.0,18,1167
4119859,cp_nidal_b11,capture_point,[U:1:802411500],letranger,0,38,38.0,18,1167
4119859,cp_nidal_b11,capture_point,[U:1:84719623],letranger,3,250,31.25,14,1167
4119859,cp_nidal_b11,capture_point,[U:1:84719623],spy_cicle,11,5070,362.14285714285717,14,1167
4119859,cp_nidal_b11,capture_point,[U:1:84719623],big_earner,2,940,313.3333333333333,14,1167
4119852,cp_nidal_b11,capture_point,[U:1:125026524],enforcer,0,225,56.25,8,558
4119852,cp_nidal_b11,capture_point,[U:1:125026524],knife,2,690,345.0,8,558
4119852,cp_nidal_b11,capture_point,[U:1:1441129933],big_earner,4,1464,244.0,8,558
4119852,cp_nidal_b11,capture_point,[U:1:1441129933],letranger,0,55,27.5,8,558
4119852,cp_nidal_b11,capture_point,[U:1:1441129933],revolver,0,61,30.5,8,558
4119851,cp_nidal_b11,capture_point,[U:1:1103296314],spy_cicle,1,570,142.5,9,546
4119851,cp_nidal_b11,capture_point,[U:1:1103296314],letranger,0,87,43.5,9,546
4119851,cp_nidal_b11,capture_point,[U:1:1103296314],big_earner,1,530,176.66666666666666,9,546
4119851,cp_nidal_b11,capture_point,[U:1:1103296314],enforcer,0,71,35.5,9,546
4119851,cp_nidal_b11,capture_point,[U:1:1145622737],revolver,3,213,42.6,6,546
4119851,cp_nidal_b11,capture_point,[U:1:1145622737],sharp_dresser,3,1350,450.0,6,546
4119851,cp_nidal_b11,capture_point,[U:1:1145622737],letranger,0,66,33.0,6,546
4119850,cp_sunshine_pro3,capture_point,[U:1:1485654273],crusaders_crossbow,0,0,0.0,0,7
4119850,cp_sunshine_pro3,capture_point,[U:1:1218172849],knife,0,80,40.0,1,82
4119850,cp_sunshine_pro3,capture_point,[U:1:1218172849],ambassador,0,0,0.0,1,82
4119847,cp_nidal_b11,capture_point,[U:1:259951447],samrevolver,0,127,31.75,3,318
4119847,cp_nidal_b11,capture_point,[U:1:259951447],knife,0,40,40.0,3,318
4119847,cp_nidal_b11,capture_point,[U:1:910718564],ambassador,1,148,74.0,4,318
4119847,cp_nidal_b11,capture_point,[U:1:910718564],spy_cicle,2,980,245.0,4,318
4119847,cp_nidal_b11,capture_point,[U:1:910718564],letranger,0,169,42.25,4,318
4119847,cp_nidal_b11,capture_point,[U:1:910718564],knife,2,940,313.3333333333333,4,318
4119844,cp_nidal_b11,capture_point,[U:1:923345073],enforcer,4,642,49.38461538461539,11,926
4119844,cp_nidal_b11,capture_point,[U:1:923345073],knife,5,2120,141.33333333333334,11,926
4119844,cp_nidal_b11,capture_point,[U:1:1269011568],knife,8,3422,228.13333333333333,11,926
4119844,cp_nidal_b11,capture_point,[U:1:1269011568],letranger,0,81,40.5,11,926
4119844,cp_nidal_b11,capture_point,[U:1:1269011568],revolver,0,630,45.0,11,926
4119843,cp_nidal_b11,capture_point,[U:1:241607201],spy_cicle,5,2154,269.25,28,1746
4119843,cp_nidal_b11,capture_point,[U:1:241607201],letranger,9,1601,38.11904761904762,28,1746
4119843,cp_nidal_b11,capture_point,[U:1:241607201],revolver,1,391,24.4375,28,1746
4119843,cp_nidal_b11,capture_point,[U:1:241607201],knife,7,2814,281.4,28,1746
4119843,cp_nidal_b11,capture_point,[U:1:49047009],black_rose,8,3358,279.8333333333333,25,1746
4119843,cp_nidal_b11,capture_point,[U:1:49047009],revolver,0,482,48.2,25,1746
4119843,cp_nidal_b11,capture_point,[U:1:49047009],enforcer,3,749,49.93333333333333,25,1746
4119842,cp_nidal_b11,capture_point,[U:1:178326661],spy_cicle,6,2668,266.8,8,781
4119842,cp_nidal_b11,capture_point,[U:1:178326661],revolver,5,1068,44.5,8,781
4119842,cp_nidal_b11,capture_point,[U:1:1099508390],letranger,0,194,32.333333333333336,9,781
4119842,cp_nidal_b11,capture_point,[U:1:1099508390],knife,8,3522,251.57142857142858,9,781
4119840,cp_sunshine,capture_point,[U:1:110370003],revolver,0,0,0.0,1,58
4119839,cp_nidal_b11,capture_point,[U:1:1419159881],spy_cicle,3,1536,192.0,12,848
4119839,cp_nidal_b11,capture_point,[U:1:1419159881],revolver,2,341,48.714285714285715,12,848
4119839,cp_nidal_b11,capture_point,[U:1:1419159881],enforcer,1,120,40.0,12,848
4119839,cp_nidal_b11,capture_point,[U:1:234205523],spy_cicle,5,2450,245.0,12,848
4119839,cp_nidal_b11,capture_point,[U:1:234205523],letranger,1,335,37.22222222222222,12,848
4119839,cp_nidal_b11,capture_point,[U:1:234205523],knife,3,1394,278.8,12,848
4119839,cp_nidal_b11,capture_point,[U:1:234205523],revolver,3,271,54.2,12,848
4119838,cp_nidal_b11,capture_point,[U:1:1103296314],ambassador,0,56,18.666666666666668,16,1078
4119838,cp_nidal_b11,capture_point,[U:1:1103296314],spy_cicle,3,1590,176.66666666666666,16,1078
4119838,cp_nidal_b11,capture_point,[U:1:1103296314],enforcer,1,277,39.57142857142857,16,1078
4119838,cp_nidal_b11,capture_point,[U:1:1103296314],kunai,3,1350,450.0,16,1078
4119838,cp_nidal_b11,capture_point,[U:1:1103296314],letranger,0,176,35.2,16,1078
4119838,cp_nidal_b11,capture_point,[U:1:1103296314],big_earner,0,80,40.0,16,1078
4119838,cp_nidal_b11,capture_point,[U:1:1145622737],sharp_dresser,5,2610,186.42857142857142,12,1078
4119838,cp_nidal_b11,capture_point,[U:1:1145622737],letranger,3,512,36.57142857142857,12,1078
4119838,cp_nidal_b11,capture_point,[U:1:1145622737],world,1,0,0.0,12,1078
4119835,cp_nidal_b11,capture_point,[U:1:214139350],knife,0,80,40.0,4,587
4119835,cp_nidal_b11,capture_point,[U:1:214139350],letranger,0,0,0.0,4,587
4119835,cp_nidal_b11,capture_point,[U:1:214139350],revolver,0,70,35.0,4,587
4119835,cp_nidal_b11,capture_point,[U:1:214139350],spy_cicle,1,450,450.0,4,587
4119824,cp_process_f12,capture_point,[U:1:478873072],big_earner,2,570,142.5,1,84
4119824,cp_process_f12,capture_point,[U:1:478873072],letranger,0,126,31.5,1,84
4119821,cp_snakewater_final1,capture_point,[U:1:88986847],revolver,0,0,0.0,1,64
4119819,cp_nidal_b11,capture_point,[U:1:125026524],knife,7,3230,358.8888888888889,16,1012
4119819,cp_nidal_b11,capture_point,[U:1:125026524],revolver,1,580,44.61538461538461,16,1012
4119819,cp_nidal_b11,capture_point,[U:1:125026524],enforcer,2,302,50.333333333333336,16,1012
4119819,cp_nidal_b11,capture_point,[U:1:1441129933],kunai,6,2830,257.27272727272725,11,1012
4119819,cp_nidal_b11,capture_point,[U:1:1441129933],ambassador,2,410,45.55555555555556,11,1012
4119819,cp_nidal_b11,capture_point,[U:1:1441129933],spy_cicle,5,2316,289.5,11,1012
4119819,cp_nidal_b11,capture_point,[U:1:1441129933],revolver,0,185,37.0,11,1012
4119819,cp_nidal_b11,capture_point,[U:1:1441129933],big_earner,0,40,40.0,11,1012
4119819,cp_nidal_b11,capture_point,[U:1:1441129933],letranger,3,270,38.57142857142857,11,1012
4119818,cp_nidal_b11,capture_point,[U:1:214139350],spy_cicle,8,3546,443.25,8,737
4119818,cp_nidal_b11,capture_point,[U:1:214139350],revolver,1,172,43.0,8,737
4119818,cp_nidal_b11,capture_point,[U:1:214139350],letranger,0,82,41.0,8,737
4119818,cp_nidal_b11,capture_point,[U:1:214139350],knife,2,980,245.0,8,737
4119818,cp_nidal_b11,capture_point,[U:1:214139350],ambassador,0,0,0.0,8,737
4119818,cp_nidal_b11,capture_point,[U:1:1008063241],revolver,0,0,0.0,5,737
4119818,cp_nidal_b11,capture_point,[U:1:1008063241],knife,0,40,40.0,5,737
4119816,cp_nidal_b11,capture_point,[U:1:259951447],samrevolver,10,1579,42.67567567567568,28,1597
4119816,cp_nidal_b11,capture_point,[U:1:259951447],knife,14,6450,268.75,28,1597
4119816,cp_nidal_b11,capture_point,[U:1:910718564],revolver,0,219,54.75,24,1599
4119816,cp_nidal_b11,capture_point,[U:1:910718564],ambassador,5,913,65.21428571428571,24,1599
4119816,cp_nidal_b11,capture_point,[U:1:910718564],knife,13,5858,225.30769230769232,24,1599
4119816,cp_nidal_b11,capture_point,[U:1:910718564],letranger,3,539,28.36842105263158,24,1599
4119812,cp_nidal_b11,capture_point,[U:1:1419159881],spy_cicle,4,1308,218.0,10,774
4119812,cp_nidal_b11,capture_point,[U:1:1419159881],revolver,1,678,45.2,10,774
4119812,cp_nidal_b11,capture_point,[U:1:1419159881],enforcer,1,150,50.0,10,774
4119812,cp_nidal_b11,capture_point,[U:1:1419159881],knife,1,490,245.0,10,774
4119812,cp_nidal_b11,capture_point,[U:1:234205523],revolver,2,525,47.72727272727273,10,774
4119812,cp_nidal_b11,capture_point,[U:1:234205523],spy_cicle,1,570,142.5,10,774
4119812,cp_nidal_b11,capture_point,[U:1:234205523],letranger,1,314,39.25,10,774
4119801,cp_nidal_b11,capture_point,[U:1:1269011568],knife,5,1619,202.375,6,660
4119801,cp_nidal_b11,capture_point,[U:1:1269011568],revolver,0,218,54.5,6,660
4119801,cp_nidal_b11,capture_point,[U:1:1269011568],letranger,0,61,30.5,6,660
4119801,cp_nidal_b11,capture_point,[U:1:1441129933],ambassador,2,402,57.42857142857143,6,660
4119801,cp_nidal_b11,capture_point,[U:1:1441129933],spy_cicle,1,40,40.0,6,660
4119801,cp_nidal_b11,capture_point,[U:1:1441129933],knife,3,1100,157.14285714285714,6,660
4119801,cp_nidal_b11,capture_point,[U:1:1441129933],revolver,2,228,38.0,6,660
4119797,cp_steel_f12,capture_point,[U:1:171079853],black_rose,3,1462,243.66666666666666,7,368
4119797,cp_steel_f12,capture_point,[U:1:171079853],letranger,1,216,27.0,7,368
4119797,cp_steel_f12,capture_point,[U:1:1285348966],knife,0,80,40.0,5,368
4119797,cp_steel_f12,capture_point,[U:1:1285348966],revolver,1,270,30.0,5,368
4119797,cp_steel_f12,capture_point,[U:1:1285348966],enforcer,0,25,25.0,5,368
4119797,cp_steel_f12,capture_point,[U:1:1285348966],letranger,0,0,0.0,5,368
4119795,cp_snakewater_final1,capture_point,[U:1:1146895307],kunai,2,1020,170.0,2,181
4119795,cp_snakewater_final1,capture_point,[U:1:1146895307],letranger,0,101,25.25,2,181
4119793,cp_nidal_b11,capture_point,[U:1:1419159881],revolver,1,609,50.75,13,974
4119793,cp_nidal_b11,capture_point,[U:1:1419159881],enforcer,0,236,39.333333333333336,13,974
4119793,cp_nidal_b11,capture_point,[U:1:1419159881],spy_cicle,2,980,245.0,13,974
4119793,cp_nidal_b11,capture_point,[U:1:1419159881],world,1,0,0.0,13,974
4119793,cp_nidal_b11,capture_point,[U:1:1419159881],knife,3,964,241.0,13,974
4119793,cp_nidal_b11,capture_point,[U:1:1419159881],letranger,0,40,40.0,13,974
4119793,cp_nidal_b11,capture_point,[U:1:1141723114],knife,4,1644,164.4,14,974
4119793,cp_nidal_b11,capture_point,[U:1:1141723114],ambassador,1,141,70.5,14,974
4119791,cp_process_f12,capture_point,[U:1:46443444],big_earner,2,940,313.3333333333333,2,176
4119790,cp_nidal_b11,capture_point,[U:1:250310779],letranger,2,772,42.888888888888886,25,1657
4119790,cp_nidal_b11,capture_point,[U:1:250310779],spy_cicle,10,4274,237.44444444444446,25,1657
4119790,cp_nidal_b11,capture_point,[U:1:250310779],revolver,0,335,41.875,25,1657
4119790,cp_nidal_b11,capture_point,[U:1:250310779],knife,5,2024,253.0,25,1657
4119790,cp_nidal_b11,capture_point,[U:1:1162036741],knife,2,1332,102.46153846153847,16,713
4119790,cp_nidal_b11,capture_point,[U:1:1162036741],revolver,2,216,54.0,16,713
4119790,cp_nidal_b11,capture_point,[U:1:468318989],ambassador,0,466,42.36363636363637,10,719
4119790,cp_nidal_b11,capture_point,[U:1:468318989],enforcer,1,419,41.9,10,719
4119790,cp_nidal_b11,capture_point,[U:1:468318989],spy_cicle,6,2200,244.44444444444446,10,719
4119788,cp_nidal_b11,capture_point,[U:1:1269011568],letranger,1,227,37.833333333333336,10,734
4119788,cp_nidal_b11,capture_point,[U:1:1269011568],spy_cicle,3,1350,450.0,10,734
4119788,cp_nidal_b11,capture_point,[U:1:1269011568],revolver,0,47,47.0,10,734
4119788,cp_nidal_b11,capture_point,[U:1:1269011568],knife,2,1060,176.66666666666666,10,734
4119788,cp_nidal_b11,capture_point,[U:1:1441129933],knife,3,1390,347.5,8,734
4119788,cp_nidal_b11,capture_point,[U:1:1441129933],letranger,0,27,27.0,8,734
4119788,cp_nidal_b11,capture_point,[U:1:1441129933],revolver,0,73,36.5,8,734
4119788,cp_nidal_b11,capture_point,[U:1:1441129933],spy_cicle,4,1234,176.28571428571428,8,734
4119788,cp_nidal_b11,capture_point,[U:1:1441129933],world,1,0,0.0,8,734
4119784,cp_nidal_b11,capture_point,[U:1:234205523],letranger,0,88,44.0,17,1089
4119784,cp_nidal_b11,capture_point,[U:1:234205523],spy_cicle,6,2746,305.1111111111111,17,1089
4119784,cp_nidal_b11,capture_point,[U:1:234205523],enforcer,2,922,51.22222222222222,17,1089
4119784,cp_nidal_b11,capture_point,[U:1:234205523],revolver,1,712,50.857142857142854,17,1089
4119784,cp_nidal_b11,capture_point,[U:1:259951447],knife,14,5860,266.3636363636364,18,1089
4119784,cp_nidal_b11,capture_point,[U:1:259951447],samrevolver,0,924,40.17391304347826,18,1089
4119783,cp_nidal_b11,capture_point,[U:1:898531142],letranger,1,322,35.77777777777778,8,653
4119783,cp_nidal_b11,capture_point,[U:1:898531142],spy_cicle,1,490,245.0,8,653
4119783,cp_nidal_b11,capture_point,[U:1:910718564],ambassador,6,783,55.92857142857143,6,653
4119783,cp_nidal_b11,capture_point,[U:1:910718564],knife,7,2458,204.83333333333334,6,653
4119778,cp_nidal_b11,capture_point,[U:1:1269011568],spy_cicle,7,2960,269.09090909090907,9,662
4119778,cp_nidal_b11,capture_point,[U:1:1269011568],revolver,2,736,40.888888888888886,9,662
4119778,cp_nidal_b11,capture_point,[U:1:1441129933],letranger,0,103,34.333333333333336,7,663
4119778,cp_nidal_b11,capture_point,[U:1:1441129933],knife,4,1654,206.75,7,663
4119776,cp_nidal_b11,capture_point,[U:1:1419159881],revolver,3,1036,34.53333333333333,17,1416
4119776,cp_nidal_b11,capture_point,[U:1:1419159881],spy_cicle,3,1390,347.5,17,1416
4119776,cp_nidal_b11,capture_point,[U:1:1419159881],enforcer,1,162,40.5,17,1416
4119776,cp_nidal_b11,capture_point,[U:1:1419159881],world,1,0,0.0,17,1416
4119776,cp_nidal_b11,capture_point,[U:1:1419159881],ambassador,0,22,22.0,17,1416
4119776,cp_nidal_b11,capture_point,[U:1:1141723114],knife,4,2026,184.1818181818182,23,1416
4119776,cp_nidal_b11,capture_point,[U:1:1141723114],ambassador,3,491,49.1,23,1416
4119773,cp_nidal_b11,capture_point,[U:1:898531142],knife,9,3470,192.77777777777777,10,990
4119773,cp_nidal_b11,capture_point,[U:1:898531142],letranger,4,740,41.111111111111114,10,990
4119773,cp_nidal_b11,capture_point,[U:1:898531142],spy_cicle,6,2422,186.30769230769232,10,990
4119773,cp_nidal_b11,capture_point,[U:1:910718564],ambassador,7,1225,58.333333333333336,10,990
4119773,cp_nidal_b11,capture_point,[U:1:910718564],knife,10,4620,355.38461538461536,10,990
4119765,cp_nidal_b11,capture_point,[U:1:234205523],revolver,3,615,51.25,12,797
4119765,cp_nidal_b11,capture_point,[U:1:234205523],spy_cicle,6,2802,311.3333333333333,12,797
4119765,cp_nidal_b11,capture_point,[U:1:234205523],letranger,2,351,35.1,12,797
4119765,cp_nidal_b11,capture_point,[U:1:259951447],samrevolver,5,1153,42.7037037037037,9,797
4119765,cp_nidal_b11,capture_point,[U:1:259951447],knife,6,2370,296.25,9,797
4119753,cp_snakewater_final1,capture_point,[U:1:35528409],revolver,1,187,46.75,1,71
4119753,cp_snakewater_final1,capture_point,[U:1:99322777],knife,2,490,245.0,0,34
4119743,cp_sunshine,capture_point,[U:1:65188310],ambassador,0,25,25.0,1,86
4119728,cp_metalworks_f7,capture_point,[U:1:164111556],ambassador,1,48,48.0,0,27
4119724,cp_process_f12,capture_point,[U:1:347917602],spy_cicle,1,450,450.0,1,61
4119724,cp_process_f12,capture_point,[U:1:347917602],ambassador,0,0,0.0,1,61
4119717,cp_sunshine,capture_point,[U:1:88335137],black_rose,0,40,40.0,1,49
4119716,cp_metalworks_f7,capture_point,[U:1:1108322938],knife,2,980,245.0,2,84
4119709,cp_granary_pro_rc8,capture_point,[U:1:248009661],letranger,0,0,0.0,2,113
4119709,cp_granary_pro_rc8,capture_point,[U:1:248009661],big_earner,2,900,450.0,2,113
4119709,cp_granary_pro_rc8,capture_point,[U:1:1479675073],big_earner,1,450,450.0,2,171
4119709,cp_granary_pro_rc8,capture_point,[U:1:1479675073],letranger,0,0,0.0,2,171
4119699,cp_metalworks_f7,capture_point,[U:1:88677982],eternal_reward,1,490,245.0,1,105
4119699,cp_metalworks_f7,capture_point,[U:1:88677982],revolver,0,0,0.0,1,105
4119696,cp_process_f12,capture_point,[U:1:189823092],ambassador,0,72,36.0,1,61
4119690,cp_metalworks_f7,capture_point,[U:1:176580612],knife,0,120,40.0,2,104
4119690,cp_metalworks_f7,capture_point,[U:1:176580612],letranger,0,48,48.0,2,104
4119689,cp_process_f12,capture_point,[U:1:189823092],ambassador,0,72,36.0,1,61
4119684,cp_sunshine,capture_point,[U:1:280035632],knife,1,490,245.0,2,166
4119684,cp_sunshine,capture_point,[U:1:280035632],ambassador,0,43,43.0,2,166
4119683,cp_metalworks_f5,capture_point,[U:1:109293087],knife,1,450,450.0,0,48
4119683,cp_metalworks_f5,capture_point,[U:1:109293087],letranger,0,0,0.0,0,48
4119682,cp_gullywash_f9,capture_point,[U:1:88677982],revolver,1,224,56.0,3,74
4119682,cp_gullywash_f9,capture_point,[U:1:182988550],sharp_dresser,0,40,40.0,1,67
4119679,cp_prolands_rc2ta,capture_point,[U:1:302413723],big_earner,1,450,450.0,1,19
4119678,cp_sunshine,capture_point,[U:1:46443444],big_earner,1,450,450.0,1,70
4119678,cp_sunshine,capture_point,[U:1:363429034],big_earner,1,450,450.0,1,14
4119677,cp_process_f12,capture_point,[U:1:1108322938],knife,1,450,450.0,1,32
4119676,cp_sunshine,capture_point,[U:1:478873072],big_earner,0,40,40.0,1,38
4119676,cp_sunshine,capture_point,[U:1:65188310],ambassador,0,0,0.0,1,36
4119674,cp_process_f12,capture_point,[U:1:474924670],revolver,0,50,25.0,1,56
4119671,cp_sunshine,capture_point,[U:1:280035632],knife,1,490,245.0,2,166
4119671,cp_sunshine,capture_point,[U:1:280035632],ambassador,0,43,43.0,2,166
4119666,cp_prolands_rc2ta,capture_point,[U:1:302413723],big_earner,1,450,450.0,1,19
4119660,cp_process_f12,capture_point,[U:1:46443444],ambassador,1,48,48.0,1,113
4119660,cp_process_f12,capture_point,[U:1:46443444],big_earner,1,450,450.0,1,113
4119657,cp_reckoner_rc6,capture_point,[U:1:131539069],big_earner,1,450,450.0,1,17
4119651,cp_gullywash_f9,capture_point,[U:1:89160056],knife,0,80,40.0,1,40
4119651,cp_gullywash_f9,capture_point,[U:1:210673562],spy_cicle,1,490,245.0,1,53
4119651,cp_gullywash_f9,capture_point,[U:1:253626311],big_earner,1,450,450.0,1,60
4119651,cp_gullywash_f9,capture_point,[U:1:253626311],revolver,0,0,0.0,1,60
4119640,cp_gullywash_f9,capture_point,[U:1:445703239],knife,1,490,245.0,1,52
4119640,cp_gullywash_f9,capture_point,[U:1:445703239],ambassador,0,48,48.0,1,52
4119635,cp_gullywash_f9,capture_point,[U:1:88986847],knife,1,450,450.0,1,98
4119635,cp_gullywash_f9,capture_point,[U:1:88986847],revolver,1,44,44.0,1,98
4119635,cp_gullywash_f9,capture_point,[U:1:109293087],knife,1,490,245.0,1,26
4119633,cp_gullywash_f9,capture_point,[U:1:201567226],big_earner,0,40,40.0,1,90
4119633,cp_gullywash_f9,capture_point,[U:1:201567226],ambassador,0,0,0.0,1,90
4119633,cp_gullywash_f9,capture_point,[U:1:1269592433],knife,1,120,40.0,1,100
4119633,cp_gullywash_f9,capture_point,[U:1:1269592433],ambassador,1,115,38.333333333333336,1,100
4119632,cp_snakewater_final1,capture_point,[U:1:10210326],letranger,0,37,37.0,1,40
4119631,cp_freaky_fair,capture_point,[U:1:286075142],spy_cicle,1,450,450.0,0,48
4119631,cp_freaky_fair,capture_point,[U:1:286075142],revolver,0,0,0.0,0,48
4119613,cp_gullywash_f9,capture_point,[U:1:240720825],enforcer,0,26,26.0,1,26
4119610,cp_freaky_fair,capture_point,[U:1:286075142],spy_cicle,1,450,450.0,0,48
4119610,cp_freaky_fair,capture_point,[U:1:286075142],revolver,0,0,0.0,0,48
4119593,cp_balloon_race_pirates_,capture_point,[U:1:1879959143],revolver,1,109,36.333333333333336,7,416
4119593,cp_balloon_race_pirates_,capture_point,[U:1:915215817],letranger,0,250,25.0,3,600
4119593,cp_balloon_race_pirates_,capture_point,[U:1:915215817],kunai,6,2700,450.0,3,600
4119593,cp_balloon_race_pirates_,capture_point,[U:1:135222742],knife,4,1880,313.3333333333333,13,1066
4119593,cp_balloon_race_pirates_,capture_point,[U:1:135222742],ambassador,1,153,25.5,13,1066
4119587,cp_snakewater_final1,capture_point,[U:1:253626311],big_earner,1,240,240.0,3,149
4119585,cp_balloon_race_pirates_,capture_point,[U:1:1879959143],revolver,1,109,36.333333333333336,7,416
4119585,cp_balloon_race_pirates_,capture_point,[U:1:915215817],letranger,0,250,25.0,3,600
4119585,cp_balloon_race_pirates_,capture_point,[U:1:915215817],kunai,6,2700,450.0,3,600
4119585,cp_balloon_race_pirates_,capture_point,[U:1:135222742],knife,4,1880,313.3333333333333,13,1066
4119585,cp_balloon_race_pirates_,capture_point,[U:1:135222742],ambassador,1,153,25.5,13,1066
4119582,cp_sunshine,capture_point,[U:1:145702602],spy_cicle,0,40,40.0,0,71
4119581,cp_badlands_pro,capture_point,[U:1:174086025],ambassador,0,0,0.0,1,131
4119581,cp_badlands_pro,capture_point,[U:1:174086025],knife,1,450,450.0,1,131
4119580,cp_gullywash_f9,capture_point,[U:1:189607101],eternal_reward,1,490,245.0,2,58
4119564,cp_process_f12,capture_point,[U:1:1193118550],revolver,0,0,0.0,1,36
4119563,cp_reckoner,capture_point,[U:1:122609084],revolver,0,55,55.0,1,34
4119559,cp_metalworks_f7,capture_point,[U:1:182988550],revolver,0,36,36.0,1,66
4119559,cp_metalworks_f7,capture_point,[U:1:88677982],revolver,0,57,57.0,1,64
4119559,cp_metalworks_f7,capture_point,[U:1:253165328],revolver,0,0,0.0,1,38
4119557,cp_gullywash_f9,capture_point,[U:1:251739389],quake_rl,0,126,63.0,1,21
4119548,cp_sultry_b8a,capture_point,[U:1:1269592433],knife,0,40,40.0,1,43
4119548,cp_sultry_b8a,capture_point,[U:1:1269592433],ambassador,0,47,47.0,1,43
4119548,cp_sultry_b8a,capture_point,[U:1:301213564],knife,1,490,245.0,2,102
4119548,cp_sultry_b8a,capture_point,[U:1:301213564],letranger,0,89,44.5,2,102
4119536,cp_process_f12,capture_point,[U:1:253626311],letranger,1,206,34.333333333333336,2,266
4119536,cp_process_f12,capture_point,[U:1:253626311],big_earner,5,2290,381.6666666666667,2,266
4119536,cp_process_f12,capture_point,[U:1:706173757],letranger,0,118,39.333333333333336,2,127
4119536,cp_process_f12,capture_point,[U:1:706173757],knife,1,450,450.0,2,127
4119528,cp_process_f12,capture_point,[U:1:1876525954],knife,0,40,40.0,1,34
4119528,cp_process_f12,capture_point,[U:1:1876525954],ambassador,0,89,44.5,1,34
4119511,cp_process_f12,capture_point,[U:1:34284979],spy_cicle,0,40,40.0,1,21
4119511,cp_process_f12,capture_point,[U:1:34284979],letranger,0,35,35.0,1,21
4119503,cp_process_f12,capture_point,[U:1:34284979],spy_cicle,0,40,40.0,1,21
4119503,cp_process_f12,capture_point,[U:1:34284979],letranger,0,35,35.0,1,21
4119497,cp_sultry_b8a,capture_point,[U:1:132507896],revolver,0,80,40.0,2,103
4119497,cp_sultry_b8a,capture_point,[U:1:132507896],knife,0,40,40.0,2,103
4119497,cp_sultry_b8a,capture_point,[U:1:33312144],knife,2,940,313.3333333333333,0,37
4119497,cp_sultry_b8a,capture_point,[U:1:33312144],letranger,0,0,0.0,0,37
4119491,cp_snakewater_final1,capture_point,[U:1:123709328],eternal_reward,1,490,245.0,1,18
4119491,cp_snakewater_final1,capture_point,[U:1:253626311],big_earner,2,980,245.0,3,100
4119491,cp_snakewater_final1,capture_point,[U:1:253626311],letranger,0,70,35.0,3,100
4119483,cp_metalworks_f7,capture_point,[U:1:75114336],letranger,1,105,52.5,0,44
4119482,cp_process_f12,capture_point,[U:1:253626311],big_earner,0,40,40.0,2,37
4119479,cp_process_f12,capture_point,[U:1:107453875],letranger,0,0,0.0,1,98
4119477,cp_snakewater_final1,capture_point,[U:1:366308710],black_rose,0,80,40.0,1,26
4119477,cp_snakewater_final1,capture_point,[U:1:366308710],ambassador,0,102,102.0,1,26
4119477,cp_snakewater_final1,capture_point,[U:1:1149722555],knife,0,40,40.0,1,29
4119477,cp_snakewater_final1,capture_point,[U:1:1149722555],revolver,0,0,0.0,1,29
4119474,cp_snakewater_final1,capture_point,[U:1:34284979],spy_cicle,1,530,176.66666666666666,2,252
4119474,cp_snakewater_final1,capture_point,[U:1:34284979],letranger,3,340,42.5,2,252
4119474,cp_snakewater_final1,capture_point,[U:1:299858042],revolver,0,138,46.0,2,149
4119474,cp_snakewater_final1,capture_point,[U:1:299858042],knife,1,450,450.0,2,149
4119469,cp_process_f12,capture_point,[U:1:107453875],letranger,0,0,0.0,1,98
4119465,cp_sunshine,capture_point,[U:1:119319281],spy_cicle,0,80,40.0,2,112
4119465,cp_sunshine,capture_point,[U:1:119319281],letranger,0,0,0.0,2,112
4119462,cp_sunshine,capture_point,[U:1:366308710],ambassador,0,34,34.0,2,104
4119462,cp_sunshine,capture_point,[U:1:366308710],black_rose,1,426,426.0,2,104
4119462,cp_sunshine,capture_point,[U:1:195882595],knife,1,490,245.0,1,21
4119462,cp_sunshine,capture_point,[U:1:195882595],ambassador,0,0,0.0,1,21
4119461,cp_snakewater_final1,capture_point,[U:1:34284979],spy_cicle,1,530,176.66666666666666,2,252
4119461,cp_snakewater_final1,capture_point,[U:1:34284979],letranger,3,340,42.5,2,252
4119461,cp_snakewater_final1,capture_point,[U:1:299858042],revolver,0,138,46.0,2,149
4119461,cp_snakewater_final1,capture_point,[U:1:299858042],knife,1,450,450.0,2,149
4119448,cp_process_f12,capture_point,[U:1:34284979],spy_cicle,0,40,40.0,2,64
4119443,cp_process_f12,capture_point,[U:1:445739109],samrevolver,8,2873,32.28089887640449,17,1569
4119443,cp_process_f12,capture_point,[U:1:445739109],big_earner,5,2278,253.11111111111111,17,1569
4119443,cp_process_f12,capture_point,[U:1:445739109],knife,4,1960,245.0,17,1569
4119443,cp_process_f12,capture_point,[U:1:445739109],ambassador,5,910,53.529411764705884,17,1569
4119435,cp_process_f12,capture_point,[U:1:34284979],spy_cicle,0,40,40.0,2,64
4119431,cp_gullywash_f9,capture_point,[U:1:34284979],spy_cicle,1,450,450.0,1,42
4119424,cp_gullywash_f9,capture_point,[U:1:34284979],spy_cicle,1,450,450.0,1,42
4119416,cp_process_f12,capture_point,[U:1:34284979],spy_cicle,1,450,450.0,0,23
4119408,cp_process_f12,capture_point,[U:1:34284979],spy_cicle,1,450,450.0,0,23
4119404,cp_sunshine,capture_point,[U:1:87649775],knife,3,1030,257.5,2,225
4119404,cp_sunshine,capture_point,[U:1:87649775],revolver,3,283,35.375,2,225
4119404,cp_sunshine,capture_point,[U:1:87649775],world,2,0,0.0,2,225
4119402,cp_metalworks_f7,capture_point,[U:1:88677982],eternal_reward,2,980,245.0,1,46
4119402,cp_metalworks_f7,capture_point,[U:1:88677982],revolver,0,56,56.0,1,46
4119402,cp_metalworks_f7,capture_point,[U:1:85952138],ambassador,0,0,0.0,1,22
4119402,cp_metalworks_f7,capture_point,[U:1:88335137],black_rose,0,40,40.0,0,41
4119402,cp_metalworks_f7,capture_point,[U:1:88335137],revolver,1,113,56.5,0,41
4119400,cp_process_f12,capture_point,[U:1:200146053],knife,1,490,245.0,1,73
4119400,cp_process_f12,capture_point,[U:1:200146053],letranger,0,46,46.0,1,73
4119392,cp_sunshine,capture_point,[U:1:87649775],knife,3,1030,257.5,2,225
4119392,cp_sunshine,capture_point,[U:1:87649775],revolver,3,283,35.375,2,225
4119392,cp_sunshine,capture_point,[U:1:87649775],world,2,0,0.0,2,225
4119389,cp_process_f12,capture_point,[U:1:34284979],spy_cicle,2,900,450.0,1,30
4119379,cp_process_f12,capture_point,[U:1:250714800],knife,0,40,40.0,1,37
4119379,cp_process_f12,capture_point,[U:1:250714800],ambassador,0,47,47.0,1,37
4119379,cp_process_f12,capture_point,[U:1:250714800],world,1,0,0.0,1,37
4119378,cp_process_f12,capture_point,[U:1:34284979],spy_cicle,2,900,450.0,1,30
4119377,cp_process_f12,capture_point,[U:1:1007656761],big_earner,1,490,245.0,0,43
4119377,cp_process_f12,capture_point,[U:1:1556115465],knife,1,450,450.0,1,67
4119377,cp_process_f12,capture_point,[U:1:1556115465],letranger,0,34,17.0,1,67
4119374,cp_metalworks_f7,capture_point,[U:1:113195914],knife,0,40,40.0,1,65
4119373,cp_process_f12,capture_point,[U:1:250714800],knife,0,40,40.0,1,37
4119373,cp_process_f12,capture_point,[U:1:250714800],ambassador,0,47,47.0,1,37
4119373,cp_process_f12,capture_point,[U:1:250714800],world,1,0,0.0,1,37
4119370,cp_snakewater_final1,capture_point,[U:1:1271845415],spy_cicle,0,40,40.0,1,47
4119355,cp_sunshine,capture_point,[U:1:886831993],letranger,0,45,45.0,2,99
4119355,cp_sunshine,capture_point,[U:1:886831993],knife,0,40,40.0,2,99
4119349,cp_process_f12,capture_point,[U:1:1524564797],knife,0,40,40.0,1,34
4119349,cp_process_f12,capture_point,[U:1:1524564797],letranger,0,0,0.0,1,34
4119343,cp_process_f12,capture_point,[U:1:1524564797],knife,0,40,40.0,1,34
4119343,cp_process_f12,capture_point,[U:1:1524564797],letranger,0,0,0.0,1,34
4119336,cp_gullywash_f9,capture_point,[U:1:1007656761],big_earner,1,490,245.0,2,141
4119314,cp_process_f12,capture_point,[U:1:185683641],letranger,0,48,24.0,1,70
4119314,cp_process_f12,capture_point,[U:1:246637404],knife,1,450,450.0,0,38
4119314,cp_process_f12,capture_point,[U:1:246637404],revolver,0,0,0.0,0,38
4119303,cp_sunshine,capture_point,[U:1:1007656761],big_earner,4,1800,450.0,4,250
4119303,cp_sunshine,capture_point,[U:1:1007656761],letranger,0,35,35.0,4,250
4119297,cp_snakewater_final1,capture_point,[U:1:176580612],knife,0,80,40.0,1,74
4119297,cp_snakewater_final1,capture_point,[U:1:176580612],letranger,0,0,0.0,1,74
4119274,cp_snakewater_final1,capture_point,[U:1:195882595],knife,0,80,40.0,1,30
4119274,cp_snakewater_final1,capture_point,[U:1:195882595],ambassador,0,50,50.0,1,30
4119269,cp_sunshine,capture_point,[U:1:140059789],spy_cicle,1,406,203.0,1,53
4119269,cp_sunshine,capture_point,[U:1:140059789],revolver,0,0,0.0,1,53
4119269,cp_sunshine,capture_point,[U:1:97173861],black_rose,1,450,450.0,0,55
4119269,cp_sunshine,capture_point,[U:1:97173861],letranger,1,140,35.0,0,55
4119264,cp_snakewater_final1,capture_point,[U:1:246637404],knife,0,40,40.0,1,38
4119261,cp_process_f12,capture_point,[U:1:1007656761],big_earner,2,940,313.3333333333333,0,74
4119261,cp_process_f12,capture_point,[U:1:1007656761],letranger,0,32,32.0,0,74
4119260,cp_sunshine,capture_point,[U:1:94683089],kunai,2,900,450.0,1,77
4119260,cp_sunshine,capture_point,[U:1:94683089],letranger,0,44,44.0,1,77
4119259,cp_sunshine,capture_point,[U:1:967251743],ambassador,0,0,0.0,1,27
4119259,cp_sunshine,capture_point,[U:1:95893154],eternal_reward,1,450,450.0,0,35
4119253,cp_sunshine,capture_point,[U:1:915215817],big_earner,1,450,450.0,2,108
4119253,cp_sunshine,capture_point,[U:1:915215817],letranger,0,0,0.0,2,108
4119253,cp_sunshine,capture_point,[U:1:160953443],big_earner,1,450,450.0,0,60
4119253,cp_sunshine,capture_point,[U:1:160953443],ambassador,0,94,18.8,0,60
4119249,cp_gullywash_f9,capture_point,[U:1:35528409],revolver,1,170,56.666666666666664,0,32
4119245,cp_sunshine,capture_point,[U:1:97173861],black_rose,1,450,450.0,1,61
4119245,cp_sunshine,capture_point,[U:1:97173861],letranger,1,141,47.0,1,61
4119236,cp_process_f12,capture_point,[U:1:923746838],letranger,0,40,40.0,2,119
4119230,cp_process_f12,capture_point,[U:1:96013946],knife,0,80,40.0,1,82
4119230,cp_process_f12,capture_point,[U:1:96013946],revolver,0,0,0.0,1,82
4119225,cp_snakewater_final1,capture_point,[U:1:177544686],knife,1,450,450.0,2,131
4119225,cp_snakewater_final1,capture_point,[U:1:177544686],revolver,1,34,34.0,2,131
4119213,cp_process_f12,capture_point,[U:1:1264411261],knife,0,40,40.0,1,33
4119213,cp_process_f12,capture_point,[U:1:1264411261],letranger,0,0,0.0,1,33
4119213,cp_process_f12,capture_point,[U:1:1218559354],revolver,0,196,39.2,1,96
4119213,cp_process_f12,capture_point,[U:1:1218559354],world,1,0,0.0,1,96
4119212,cp_snakewater_final1,capture_point,[U:1:402676978],kunai,1,530,176.66666666666666,1,55
4119212,cp_snakewater_final1,capture_point,[U:1:402676978],world,1,0,0.0,1,55
4119212,cp_snakewater_final1,capture_point,[U:1:156787693],black_rose,1,490,245.0,1,121
4119212,cp_snakewater_final1,capture_point,[U:1:156787693],ambassador,0,0,0.0,1,121
4119208,cp_passage_b1,capture_point,[U:1:148641160],big_earner,0,40,40.0,1,63
4119208,cp_passage_b1,capture_point,[U:1:148641160],revolver,0,59,59.0,1,63
4119203,cp_process_f12,capture_point,[U:1:923746838],letranger,0,0,0.0,1,30
4119201,cp_process_f12,capture_point,[U:1:94823939],knife,1,490,245.0,0,46
4119201,cp_process_f12,capture_point,[U:1:94823939],revolver,0,39,39.0,0,46
4119200,cp_process_f12,capture_point,[U:1:167148320],knife,0,40,40.0,1,129
4119200,cp_process_f12,capture_point,[U:1:167148320],ambassador,0,0,0.0,1,129
4119200,cp_process_f12,capture_point,[U:1:222596698],prinny_machete,1,490,245.0,1,68
4119191,cp_process_f12,capture_point,[U:1:1066673017],knife,1,450,450.0,1,53
4119190,cp_sunshine,capture_point,[U:1:148641160],revolver,1,214,53.5,2,84
4119190,cp_sunshine,capture_point,[U:1:148641160],big_earner,1,490,245.0,2,84
4119183,cp_sunshine,capture_point,[U:1:915202902],knife,1,450,450.0,1,41
4119183,cp_sunshine,capture_point,[U:1:1256871320],knife,2,940,313.3333333333333,2,89
4119152,cp_nidal_b11,capture_point,[U:1:250310779],spy_cicle,5,2274,284.25,10,952
4119152,cp_nidal_b11,capture_point,[U:1:250310779],revolver,0,880,46.31578947368421,10,952
4119152,cp_nidal_b11,capture_point,[U:1:234205523],spy_cicle,7,2518,251.8,10,952
4119152,cp_nidal_b11,capture_point,[U:1:234205523],revolver,3,743,49.53333333333333,10,952
4119152,cp_nidal_b11,capture_point,[U:1:234205523],letranger,1,273,34.125,10,952
4119148,cp_wayzo_a2,capture_point,[U:1:312656597],knife,12,4360,229.47368421052633,17,1352
4119148,cp_wayzo_a2,capture_point,[U:1:312656597],letranger,0,0,0.0,17,1352
4119148,cp_wayzo_a2,capture_point,[U:1:312656597],spy_cicle,0,40,40.0,17,1352
4119148,cp_wayzo_a2,capture_point,[U:1:312656597],ambassador,1,202,67.33333333333333,17,1352
4119148,cp_wayzo_a2,capture_point,[U:1:312656597],revolver,6,1254,41.8,17,1352
4119136,cp_process_f12,capture_point,[U:1:87694490],knife,1,450,450.0,1,65
4119136,cp_process_f12,capture_point,[U:1:87694490],letranger,0,77,38.5,1,65
4119132,cp_process_f12,capture_point,[U:1:148641160],big_earner,0,40,40.0,1,157
4119132,cp_process_f12,capture_point,[U:1:148641160],revolver,1,162,54.0,1,157
4119109,cp_sunshine,capture_point,[U:1:129587226],revolver,0,0,0.0,1,33
4119106,cp_sunshine,capture_point,[U:1:473612991],knife,1,312,312.0,1,76
4119106,cp_sunshine,capture_point,[U:1:473612991],revolver,0,0,0.0,1,76
4119106,cp_sunshine,capture_point,[U:1:127094153],knife,1,450,450.0,1,97
4119102,cp_gullywash_f9,capture_point,[U:1:141712602],ambassador,0,0,0.0,1,0
4119100,cp_gullywash_f9,capture_point,[U:1:141712602],ambassador,0,0,0.0,1,42
4119086,cp_sunshine,capture_point,[U:1:860290305],revolver,1,221,55.25,1,77
4119078,cp_sunshine,capture_point,[U:1:860290305],revolver,1,221,55.25,1,77
4119064,cp_subbase_b3a,capture_point,[U:1:81727786],revolver,0,0,0.0,1,73
4119039,cp_sunshine,capture_point,[U:1:88677982],eternal_reward,1,450,450.0,1,37
4119039,cp_sunshine,capture_point,[U:1:88677982],revolver,0,48,48.0,1,37
4119032,cp_process_f12,capture_point,[U:1:129671215],revolver,0,26,26.0,1,65
4119030,cp_process_f12,capture_point,[U:1:855006242],ambassador,1,0,0.0,1,21
4119030,cp_process_f12,capture_point,[U:1:101982160],knife,2,900,450.0,0,55
4119030,cp_process_f12,capture_point,[U:1:101982160],letranger,1,100,33.333333333333336,0,55
4119030,cp_process_f12,capture_point,[U:1:382889888],letranger,1,94,47.0,0,28
4119029,cp_process_f12,capture_point,[U:1:129671215],revolver,0,26,26.0,1,65
4119028,cp_freaky_fair,capture_point,[U:1:1879959143],kunai,10,4611,288.1875,16,987
4119028,cp_freaky_fair,capture_point,[U:1:1879959143],letranger,0,49,24.5,16,987
4119028,cp_freaky_fair,capture_point,[U:1:1879959143],revolver,3,221,44.2,16,987
4119028,cp_freaky_fair,capture_point,[U:1:135385146],kunai,29,11848,282.0952380952381,10,987
4119028,cp_freaky_fair,capture_point,[U:1:135385146],revolver,3,631,45.07142857142857,10,987
4119023,cp_process_f12,capture_point,[U:1:855006242],ambassador,1,0,0.0,1,21
4119023,cp_process_f12,capture_point,[U:1:101982160],knife,2,900,450.0,0,55
4119023,cp_process_f12,capture_point,[U:1:101982160],letranger,1,100,33.333333333333336,0,55
4119023,cp_process_f12,capture_point,[U:1:382889888],letranger,1,94,47.0,0,28
4119022,cp_gullywash_f9,capture_point,[U:1:87562923],letranger,0,142,20.285714285714285,1,106
4119022,cp_gullywash_f9,capture_point,[U:1:88677982],eternal_reward,2,900,450.0,1,87
4119022,cp_gullywash_f9,capture_point,[U:1:88677982],revolver,1,162,40.5,1,87
4119021,cp_freaky_fair,capture_point,[U:1:1879959143],kunai,10,4611,288.1875,16,987
4119021,cp_freaky_fair,capture_point,[U:1:1879959143],letranger,0,49,24.5,16,987
4119021,cp_freaky_fair,capture_point,[U:1:1879959143],revolver,3,221,44.2,16,987
4119021,cp_freaky_fair,capture_point,[U:1:135385146],kunai,29,11848,282.0952380952381,10,987
4119021,cp_freaky_fair,capture_point,[U:1:135385146],revolver,3,631,45.07142857142857,10,987
4119013,cp_gullywash_f9,capture_point,[U:1:134399913],knife,3,1350,450.0,1,94
4119013,cp_gullywash_f9,capture_point,[U:1:1142115346],knife,2,900,450.0,1,32
4119008,cp_dustbowl_open_v4_fix,capture_point,[U:1:68402944],knife,3,980,245.0,2,175
4119008,cp_dustbowl_open_v4_fix,capture_point,[U:1:135385146],knife,2,1100,157.14285714285714,5,571
4119008,cp_dustbowl_open_v4_fix,capture_point,[U:1:135385146],revolver,1,705,37.10526315789474,5,571
4119002,cp_dustbowl_open_v4_fix,capture_point,[U:1:1445650605],big_earner,1,530,176.66666666666666,3,141
4119002,cp_dustbowl_open_v4_fix,capture_point,[U:1:135385146],revolver,1,263,43.833333333333336,9,551
4119002,cp_dustbowl_open_v4_fix,capture_point,[U:1:135385146],spy_cicle,2,900,450.0,9,551
4119002,cp_dustbowl_open_v4_fix,capture_point,[U:1:135385146],knife,5,2290,381.6666666666667,9,551
4119001,cp_dustbowl_open_v4_fix,capture_point,[U:1:1445650605],big_earner,1,530,176.66666666666666,3,141
4119001,cp_dustbowl_open_v4_fix,capture_point,[U:1:135385146],revolver,1,263,43.833333333333336,9,551
4119001,cp_dustbowl_open_v4_fix,capture_point,[U:1:135385146],spy_cicle,2,900,450.0,9,551
4119001,cp_dustbowl_open_v4_fix,capture_point,[U:1:135385146],knife,5,2290,381.6666666666667,9,551
4118994,cp_sunshine,capture_point,[U:1:1475276372],knife,2,900,450.0,1,61
4118991,cp_process_f12,capture_point,[U:1:81137027],letranger,0,50,25.0,0,66
4118978,cp_process_f12,capture_point,[U:1:81727786],revolver,0,106,53.0,1,64
4118978,cp_process_f12,capture_point,[U:1:132507896],knife,1,450,450.0,1,40
4118978,cp_process_f12,capture_point,[U:1:132507896],revolver,0,49,49.0,1,40
4118966,cp_gullywash_f9,capture_point,[U:1:251739389],quake_rl,0,414,51.75,2,158
4118953,cp_sunshine,capture_point,[U:1:182988550],revolver,0,41,41.0,1,65
4118949,cp_reckoner_rc6,capture_point,[U:1:80893698],knife,1,450,450.0,0,41
4118946,cp_sultry_b8a,capture_point,[U:1:1256871320],knife,6,2652,294.6666666666667,6,502
4118946,cp_sultry_b8a,capture_point,[U:1:1256871320],letranger,1,200,40.0,6,502
4118946,cp_sultry_b8a,capture_point,[U:1:1256871320],revolver,0,51,51.0,6,502
4118946,cp_sultry_b8a,capture_point,[U:1:140306083],spy_cicle,0,80,40.0,1,42
4118946,cp_sultry_b8a,capture_point,[U:1:738652566],letranger,0,24,24.0,2,162
4118946,cp_sultry_b8a,capture_point,[U:1:738652566],knife,1,164,54.666666666666664,2,162
4118935,cp_snakewater_final1,capture_point,[U:1:458841022],ambassador,0,0,0.0,1,80
4118935,cp_snakewater_final1,capture_point,[U:1:458841022],knife,0,80,40.0,1,80
4118934,cp_process_f12,capture_point,[U:1:847572207],knife,2,834,417.0,2,130
4118934,cp_process_f12,capture_point,[U:1:847572207],ambassador,1,181,45.25,2,130
